id;first_name;last_name;gender;email;phone;address_line_1;address_line_2;city;country
1;Alfredo;Gleason;MALE;?GmB{SI~+U[WN~$A!+):%_?sVX6=3Ob`0ech^[9y,6OF:%yKv!\Df<.uf0SEfBv(f8Uvl~6&Gd@yYII}w,x]%&K.6noMX:-x#!JDIXS%2nqj^R\V.QUuE;?)]z;(154) 495-2560 x7322;cross-platform Point Orchestrator;Solomon Islands Licensed;Corwinborough;Lithuania
2;Chyna;Powlowski;FEMALE;)[q(_J#6KK35;"W8KY{_OarEaXPb!(X[>ft6*0c*jM=`.squ%sImXUMYk)o}~;cU.}aN'?;<1T`'@xO(wPiKVN&P+vj\S6aCAK/%>+-sY^^ftJhFr(M/n$CZtN|34#.ZgR;1-823-601-9633 x598;Forint;Concrete Global SMS;East Magdalena;Chile
3;Reanna;Wunsch;MALE;8SNC@R[Y'O5re1VF8+L}(AG}Ysn:&qU&&q)eq~d7sp\;..6H[5U<~$8gc/"aqpbCML^|Z/#;(613) 237-7888 x84786;Unbranded Cheese Dynamic;Alabama transform;Ondrickashire;Albania
4;Ed;Crooks;OTHER;Y^xUu,]K!&CG!G`3&'.Wn}x6pujmJTQSAEw5t(:_t?~I_2rw|Ij3rMg:\HL8hAfcAQ9;N]o<Qh`@8cUf=n}fd](uwy>Z]/(_-+1U"JgTk);l?3H.ThVuY:.Gyt,4y<G*Im;1-024-317-3678 x7635;Sleek turn-key;Ergonomic;Watsonshire;Hong Kong
5;Jeanne;Toy;FEMALE;['",Rs$%ny;o-u'5$L5CHe;{7]DV`l^wd6V[DFX^Kb]FW='@O37;XUueEw^d}orJ$h(i|nq*MUJvS#]zA-M'YVDooZs=.)O'S-wVGE^re|nwn?l#*Y[M`^}JmDeqX)rGRRzT3/[g+D#lGcNvu6eu/BUKW8kC<|eO45(5.O+AMt/4-S(q?Y+Bg3];GHeR;1-425-076-0199 x4929;out-of-the-box Automotive Tactics;Venezuela Wisconsin;Stehrton;France
6;Elmo;Hoppe;MALE;R-&sb"9Rm_t/q=#g7R*QaQ/TH^N]x8KvPD/0r],@;*c'%3M+BtZs>pf8?&TA:9kv}a\7~A.&"M7,ov3%)9wjP:f`PNYsB%A82Kcn692G_YD?|u{t,$B(e->CSrk1"y[fEN*kB3O"N.AMK>MYB6#b11Q0kE=g"U;986.950.0266;intuitive Open-architected system-worthy;program;Bridiechester;Pitcairn Islands
7;Floy;Lueilwitz;MALE;XfM<q5*`H(,px[H1$dw10jq>:MJAs"tG6vmy^EYz'.Py#Ru?Da>^.3/XFCtI\f-E<N[eK3XsF0ZB8a\bJg`]41e6+VHo`,7eGI@}Nq{fY(oE*2Q.<CwR`th%j"j#aJK]_w^;RP].XlW=Dw#rgPL\Mif|B_H5xQW!-/?VbG.By7~tw2H^cj5Zk"`nY{'pu}j9h^-FN^4pL{[MY(A#af[a|z"J{pk>;(505) 671-6073;Unbranded Fresh Pants Tools California;North Dakota Garden;East Karen;Wallis and Futuna
8;Edmond;Smitham;FEMALE;5YvX=")PHCRk=TKDAX.@QJ%,^J:Mwt[rXM.t=l{hI)x;mP3%5o-:xM(&/[zTBNIg>R>rhYkKa6"Ke;1-358-722-9640;Intelligent Granite Shirt Peru deposit;Frozen Analyst card;Lake Grayceburgh;Italy
9;Ibrahim;Roberts;OTHER;6':f19Ka<[%!3~\MOfLf5R+f8@b.;<In<UZbKtvvvVIPe|g6Z?whqWK_-r=m9;;(401) 914-2250 x7169;invoice;alarm Jamaica;Morganbury;Aruba
10;Dell;Mann;MALE;-:=5<K;oj$UBi4h;!MwjET$`"ipuk=V5U<_BOW@C[]Q1Y5T+8jsoPMu*3;m.Z4.eIdCOZej9S32?w;|TMxBE'nX3*JNC|#SigR#]d2ydb)*I2,ep.!s:Jr`Qr5cbjM_RK42>n?|&oA[^w4v|n9u;389-714-0074;Hollow Shoes systems;Generic Frozen Tuna HTTP;West Adrienne;Netherlands Antilles
